ID;age;job;housing;saving_accounts;checking_account;credit_amount;duration;purpose
0;67.0;2;own;little;little;1169;6-month;radio/TV
1;22.0;2;own;little;moderate;5951;48-month;radio/TV
2;49.0;1;own;little;little;2096;12-month;education
3;45.0;2;;little;little;7882;42-month;furniture/equipment
4;53.0;2;free;little;little;4870;24-month;car
5;35.0;1;free;little;little;9055;36-month;education
6;53.0;2;own;quite rich;little;2835;24-month;furniture/equipment
7;35.0;3;rent;little;moderate;6948;36-month;car
8;61.0;1;own;rich;little;3059;12-month;radio/TV
9;28.0;3;own;little;moderate;5234;30-month;car
10;;2;rent;little;moderate;1295;12-month;car
11;24.0;2;rent;little;little;4308;48-month;business
12;22.0;2;own;little;moderate;1567;12-month;radio/TV
13;60.0;1;;little;little;1199;24-month;car
14;28.0;2;rent;little;little;1403;15-month;car
15;32.0;1;own;moderate;little;1282;24-month;radio/TV
16;53.0;2;own;little;little;2424;24-month;radio/TV
17;25.0;2;own;little;little;8072;30-month;business
18;;3;free;little;moderate;12579;24-month;car
19;31.0;2;own;quite rich;little;3430;24-month;radio/TV
20;48.0;2;own;little;little;2134;9-month;car
21;44.0;2;rent;quite rich;little;2647;6-month;radio/TV
22;48.0;1;rent;little;little;2241;10-month;car
23;44.0;2;own;moderate;moderate;1804;12-month;car
24;26.0;2;own;little;little;2069;10-month;furniture/equipment
25;36.0;1;own;little;little;1374;6-month;furniture/equipment
26;39.0;1;own;little;little;426;6-month;radio/TV
27;42.0;2;rent;rich;rich;409;12-month;radio/TV
28;34.0;2;own;little;moderate;2415;7-month;radio/TV
29;63.0;2;own;little;little;6836;60-month;business
30;36.0;2;own;rich;moderate;1913;18-month;business
31;;2;own;little;little;4020;24-month;furniture/equipment
32;30.0;2;own;moderate;moderate;5866;18-month;car
33;57.0;1;rent;little;little;1264;12-month;business
34;33.0;3;own;little;rich;1474;12-month;furniture/equipment
35;25.0;1;;little;moderate;4746;45-month;radio/TV
36;31.0;2;free;little;little;6110;48-month;education
37;37.0;2;own;little;rich;2100;18-month;radio/TV
38;37.0;2;;little;rich;1225;10-month;domestic appliances
39;24.0;2;own;little;moderate;458;9-month;radio/TV
40;30.0;3;own;quite rich;little;2333;30-month;radio/TV
41;26.0;2;own;quite rich;moderate;1158;12-month;radio/TV
42;44.0;1;own;little;moderate;6204;18-month;repairs
43;24.0;2;rent;moderate;little;6187;30-month;car
44;58.0;1;free;little;little;6143;48-month;car
45;35.0;3;own;little;little;1393;11-month;car
46;39.0;2;own;quite rich;little;2299;36-month;radio/TV
47;23.0;0;rent;quite rich;little;1352;6-month;car
48;39.0;1;own;little;little;7228;11-month;car
49;28.0;2;own;moderate;little;2073;12-month;radio/TV
50;29.0;1;own;little;moderate;2333;24-month;furniture/equipment
51;30.0;3;own;little;moderate;5965;27-month;car
52;25.0;2;own;little;little;1262;12-month;radio/TV
53;31.0;2;;little;little;3378;18-month;car
54;57.0;2;free;little;moderate;2225;36-month;car
55;26.0;1;own;little;little;783;6-month;car
56;52.0;3;own;little;moderate;6468;12-month;radio/TV
57;31.0;2;own;little;little;9566;36-month;radio/TV
58;23.0;3;own;little;rich;1961;18-month;car
59;23.0;1;rent;little;little;6229;36-month;furniture/equipment
60;27.0;2;own;little;moderate;1391;9-month;business
61;;2;own;little;moderate;1537;15-month;radio/TV
62;61.0;3;free;little;moderate;1953;36-month;business
63;25.0;2;own;little;moderate;14421;48-month;business
64;;2;own;little;little;3181;24-month;radio/TV
65;48.0;2;own;little;little;5190;27-month;repairs
66;;2;;little;little;2171;12-month;radio/TV
67;22.0;2;own;rich;moderate;1007;12-month;car
68;37.0;2;free;little;little;1819;36-month;education
69;;2;own;little;little;2394;36-month;radio/TV
70;30.0;2;own;little;little;8133;36-month;car
71;46.0;1;rent;little;little;730;7-month;radio/TV
72;;3;free;little;little;1164;8-month;vacation/others
73;41.0;1;own;little;moderate;5954;42-month;business
74;40.0;3;own;little;little;1977;36-month;education
75;66.0;3;free;little;little;1526;12-month;car
76;34.0;2;own;little;little;3965;42-month;radio/TV
77;51.0;2;own;little;moderate;4771;11-month;radio/TV
78;39.0;1;own;little;little;9436;54-month;car
79;22.0;2;own;little;moderate;3832;30-month;furniture/equipment
80;44.0;2;own;little;little;5943;24-month;radio/TV
81;47.0;2;own;quite rich;little;1213;15-month;radio/TV
82;24.0;1;rent;moderate;little;1568;18-month;business
83;58.0;1;own;little;little;1755;24-month;vacation/others
84;52.0;1;own;little;little;2315;10-month;radio/TV
85;29.0;3;own;little;little;1412;12-month;business
86;27.0;2;own;little;moderate;1295;18-month;furniture/equipment
87;47.0;2;free;moderate;moderate;12612;36-month;education
88;30.0;3;own;moderate;little;2249;18-month;car
89;28.0;2;;little;little;1108;12-month;repairs
90;56.0;2;own;little;little;618;12-month;radio/TV
91;54.0;2;;little;little;1409;12-month;car
92;33.0;1;own;little;little;797;12-month;radio/TV
93;20.0;2;;little;rich;3617;24-month;furniture/equipment
94;54.0;2;own;rich;moderate;1318;12-month;car
95;58.0;2;rent;little;moderate;15945;54-month;business
96;61.0;2;own;little;little;2012;12-month;education
97;34.0;2;own;moderate;moderate;2622;18-month;business
98;36.0;2;own;little;moderate;2337;36-month;radio/TV
99;;3;rent;little;moderate;7057;20-month;car
100;41.0;1;rent;moderate;little;1469;24-month;car
101;24.0;2;rent;little;moderate;2323;36-month;radio/TV
102;24.0;2;own;little;little;932;6-month;radio/TV
103;35.0;2;rent;little;moderate;1919;9-month;furniture/equipment
104;26.0;2;rent;little;little;2445;12-month;car
105;39.0;3;own;little;moderate;11938;24-month;vacation/others
106;39.0;3;own;little;little;6458;18-month;car
107;32.0;2;own;little;moderate;6078;12-month;car
108;30.0;2;own;little;little;7721;24-month;furniture/equipment
109;35.0;2;own;quite rich;moderate;1410;14-month;business
110;31.0;2;own;moderate;moderate;1449;6-month;business
111;23.0;2;rent;little;rich;392;15-month;education
112;28.0;1;rent;little;moderate;6260;18-month;car
113;25.0;2;own;little;little;7855;36-month;car
114;35.0;2;own;quite rich;little;1680;12-month;radio/TV
115;47.0;2;own;little;little;3578;48-month;radio/TV
116;30.0;3;own;little;little;7174;42-month;radio/TV
117;27.0;2;rent;little;little;2132;10-month;furniture/equipment
118;;2;own;quite rich;little;4281;33-month;furniture/equipment
119;36.0;3;own;quite rich;moderate;2366;12-month;car
120;25.0;2;own;little;little;1835;21-month;radio/TV
121;41.0;3;rent;little;little;3868;24-month;car
122;24.0;1;rent;little;little;1768;12-month;furniture/equipment
123;;2;free;little;rich;781;10-month;car
124;27.0;2;rent;little;moderate;1924;18-month;furniture/equipment
125;30.0;2;own;little;little;2121;12-month;car
126;40.0;1;own;little;little;701;12-month;radio/TV
127;30.0;2;own;little;moderate;639;12-month;repairs
128;34.0;3;own;little;moderate;1860;12-month;car
129;29.0;2;own;little;little;3499;12-month;car
130;24.0;2;own;little;moderate;8487;48-month;car
131;29.0;2;own;little;little;6887;36-month;education
132;27.0;1;own;little;little;2708;15-month;furniture/equipment
133;47.0;2;free;little;little;1984;18-month;furniture/equipment
134;21.0;2;own;moderate;little;10144;60-month;radio/TV
135;38.0;2;own;little;little;1240;12-month;radio/TV
136;27.0;2;own;rich;little;8613;27-month;car
137;66.0;1;own;quite rich;moderate;766;12-month;radio/TV
138;;2;own;little;moderate;2728;15-month;radio/TV
139;44.0;1;rent;little;rich;1881;12-month;radio/TV
140;27.0;0;own;rich;rich;709;6-month;car
141;30.0;3;own;little;moderate;4795;36-month;radio/TV
142;27.0;3;own;little;little;3416;27-month;radio/TV
143;22.0;2;own;little;little;2462;18-month;furniture/equipment
144;23.0;2;own;little;little;2288;21-month;furniture/equipment
145;30.0;2;own;moderate;moderate;3566;48-month;business
146;39.0;2;own;little;little;860;6-month;car
147;51.0;2;own;moderate;little;682;12-month;car
148;28.0;2;own;little;little;5371;36-month;furniture/equipment
149;46.0;2;own;rich;little;1582;18-month;radio/TV
150;42.0;2;free;moderate;little;1346;6-month;radio/TV
151;38.0;2;own;little;little;1924;10-month;radio/TV
152;24.0;2;own;little;rich;5848;36-month;radio/TV
153;29.0;2;rent;rich;moderate;7758;24-month;car
154;36.0;3;rent;moderate;moderate;6967;24-month;business
155;20.0;2;rent;little;little;1282;12-month;furniture/equipment
156;48.0;2;own;moderate;little;1288;9-month;repairs
157;45.0;1;own;little;little;339;12-month;education
158;38.0;2;own;moderate;moderate;3512;24-month;car
159;34.0;1;own;little;little;1898;6-month;radio/TV
160;36.0;2;own;moderate;little;2872;24-month;radio/TV
161;30.0;2;own;little;little;1055;18-month;car
162;36.0;2;own;quite rich;little;1262;15-month;domestic appliances
163;70.0;3;;little;moderate;7308;10-month;car
164;36.0;2;own;quite rich;little;909;36-month;car
165;32.0;2;own;quite rich;little;2978;6-month;furniture/equipment
166;33.0;2;own;little;little;1131;18-month;furniture/equipment
167;20.0;2;own;rich;moderate;1577;11-month;furniture/equipment
168;25.0;2;rent;little;little;3972;24-month;furniture/equipment
169;31.0;2;own;little;moderate;1935;24-month;business
170;33.0;2;rent;little;little;950;15-month;car
171;26.0;2;own;little;little;763;12-month;furniture/equipment
172;34.0;3;own;little;moderate;2064;24-month;furniture/equipment
173;33.0;2;own;little;moderate;1414;8-month;radio/TV
174;26.0;2;own;little;little;3414;21-month;education
175;53.0;3;own;little;little;7485;30-month;car
176;42.0;2;own;little;little;2577;12-month;furniture/equipment
177;52.0;2;;quite rich;little;338;6-month;radio/TV
178;31.0;3;rent;little;little;1963;12-month;radio/TV
179;65.0;2;own;little;little;571;21-month;car
180;28.0;2;own;little;little;9572;36-month;business
181;30.0;3;own;little;moderate;4455;36-month;business
182;40.0;1;own;little;little;1647;21-month;car
183;50.0;2;own;rich;little;3777;24-month;furniture/equipment
184;36.0;2;own;little;moderate;884;18-month;car
185;31.0;2;own;little;little;1360;15-month;radio/TV
186;74.0;3;free;little;moderate;5129;9-month;car
187;68.0;0;free;little;moderate;1175;16-month;car
188;20.0;2;own;moderate;little;674;12-month;radio/TV
189;33.0;2;own;little;moderate;3244;18-month;furniture/equipment
190;54.0;3;own;rich;little;4591;24-month;business
191;34.0;1;free;moderate;moderate;3844;48-month;business
192;36.0;2;own;little;moderate;3915;27-month;business
193;29.0;2;rent;little;little;2108;6-month;radio/TV
194;21.0;2;rent;moderate;moderate;3031;45-month;radio/TV
195;34.0;3;own;little;moderate;1501;9-month;education
196;28.0;2;own;little;little;1382;6-month;radio/TV
197;27.0;2;rent;moderate;moderate;951;12-month;furniture/equipment
198;36.0;2;free;little;moderate;2760;24-month;car
199;40.0;3;own;little;moderate;4297;18-month;furniture/equipment
200;52.0;2;own;quite rich;little;936;9-month;education
201;27.0;1;own;little;little;1168;12-month;car
202;26.0;2;own;little;little;5117;27-month;business
203;21.0;2;rent;little;little;902;12-month;education
204;38.0;1;own;little;little;1495;12-month;car
205;38.0;3;free;little;little;10623;30-month;car
206;43.0;2;own;little;little;1935;12-month;furniture/equipment
207;26.0;2;own;little;moderate;1424;12-month;domestic appliances
208;21.0;1;own;little;little;6568;24-month;business
209;55.0;2;own;rich;little;1413;12-month;car
210;33.0;2;own;little;little;3074;9-month;radio/TV
211;45.0;1;;little;little;3835;36-month;radio/TV
212;50.0;2;own;little;little;5293;27-month;business
213;;3;own;little;rich;1908;30-month;business
214;51.0;2;own;little;little;3342;36-month;radio/TV
215;39.0;1;own;little;moderate;932;6-month;education
216;;2;own;little;little;3104;18-month;business
217;23.0;2;own;little;rich;3913;36-month;radio/TV
218;24.0;1;rent;little;little;3021;24-month;furniture/equipment
219;;2;own;little;little;1364;10-month;car
220;26.0;1;own;little;moderate;625;12-month;radio/TV
221;23.0;2;rent;little;little;1200;12-month;education
222;30.0;2;own;little;little;707;12-month;radio/TV
223;32.0;2;own;little;little;2978;24-month;business
224;30.0;2;own;little;little;4657;15-month;car
225;27.0;2;own;little;little;2613;36-month;repairs
226;27.0;2;own;rich;moderate;10961;48-month;radio/TV
227;53.0;3;free;little;little;7865;12-month;furniture/equipment
228;22.0;2;own;little;little;1478;9-month;radio/TV
229;22.0;2;free;little;little;3149;24-month;furniture/equipment
230;26.0;2;;little;rich;4210;36-month;radio/TV
231;51.0;1;free;quite rich;little;2507;9-month;car
232;35.0;2;own;moderate;little;2141;12-month;radio/TV
233;25.0;1;own;little;moderate;866;18-month;radio/TV
234;;1;own;little;little;1544;4-month;radio/TV
235;30.0;3;own;little;little;1823;24-month;radio/TV
236;23.0;0;own;little;moderate;14555;6-month;car
237;;1;rent;moderate;moderate;2767;21-month;business
238;35.0;2;own;little;little;1291;12-month;radio/TV
239;39.0;2;own;little;little;2522;30-month;radio/TV
240;29.0;2;own;little;little;915;24-month;car
241;51.0;2;;little;little;1595;6-month;radio/TV
242;24.0;2;free;little;little;4605;48-month;car
243;27.0;2;own;little;little;1185;12-month;business
244;35.0;1;own;quite rich;little;3447;12-month;education
245;25.0;2;own;little;little;1258;24-month;business
246;52.0;2;own;little;little;717;12-month;radio/TV
247;35.0;2;rent;moderate;little;1204;6-month;car
248;26.0;2;own;little;rich;1925;24-month;furniture/equipment
249;22.0;2;rent;little;little;433;18-month;radio/TV
250;39.0;1;own;rich;little;666;6-month;car
251;46.0;1;own;little;rich;2251;12-month;furniture/equipment
252;24.0;2;own;little;moderate;2150;30-month;car
253;35.0;2;own;moderate;little;4151;24-month;furniture/equipment
254;24.0;2;own;little;moderate;2030;9-month;furniture/equipment
255;27.0;1;own;little;moderate;7418;60-month;radio/TV
256;;1;own;little;little;2684;24-month;radio/TV
257;;2;free;little;little;2149;12-month;radio/TV
258;;2;own;moderate;little;3812;15-month;car
259;57.0;1;own;moderate;little;1154;11-month;radio/TV
260;27.0;2;own;little;little;1657;12-month;furniture/equipment
261;55.0;2;own;little;little;1603;24-month;radio/TV
262;36.0;3;;little;little;5302;18-month;car
263;57.0;1;free;little;little;2748;12-month;education
264;32.0;1;own;little;little;1231;10-month;car
265;37.0;2;own;little;moderate;802;15-month;radio/TV
266;36.0;2;own;little;little;6304;36-month;business
267;38.0;2;own;little;little;1533;24-month;radio/TV
268;45.0;3;own;little;little;8978;14-month;car
269;25.0;2;own;little;little;999;24-month;radio/TV
270;32.0;2;own;little;little;2662;18-month;car
271;37.0;2;rent;quite rich;little;1402;12-month;furniture/equipment
272;36.0;3;free;little;moderate;12169;48-month;car
273;28.0;2;own;little;moderate;3060;48-month;radio/TV
274;34.0;1;own;little;little;11998;30-month;repairs
275;32.0;2;own;little;little;2697;9-month;radio/TV
276;26.0;2;own;little;little;2404;18-month;radio/TV
277;49.0;1;own;little;little;1262;12-month;furniture/equipment
278;32.0;2;own;little;little;4611;6-month;furniture/equipment
279;29.0;3;rent;moderate;little;1901;24-month;radio/TV
280;23.0;2;rent;rich;little;3368;15-month;car
281;50.0;2;own;little;little;1574;12-month;furniture/equipment
282;49.0;1;own;little;rich;1445;18-month;radio/TV
283;63.0;2;own;little;little;1520;15-month;furniture/equipment
284;;2;own;moderate;moderate;3878;24-month;car
285;35.0;1;own;little;little;10722;47-month;car
286;26.0;2;;little;little;4788;48-month;car
287;31.0;3;free;moderate;moderate;7582;48-month;vacation/others
288;49.0;2;own;little;moderate;1092;12-month;radio/TV
289;48.0;2;own;little;little;1024;24-month;radio/TV
290;26.0;2;own;little;little;1076;12-month;business
291;28.0;3;;little;moderate;9398;36-month;car
292;44.0;3;free;little;little;6419;24-month;car
293;56.0;2;free;little;rich;4796;42-month;car
294;46.0;3;own;little;little;7629;48-month;business
295;26.0;2;;little;moderate;9960;48-month;furniture/equipment
296;20.0;2;rent;little;little;4675;12-month;car
297;45.0;1;own;little;little;1287;10-month;car
298;43.0;2;own;little;little;2515;18-month;furniture/equipment
299;32.0;2;own;rich;moderate;2745;21-month;furniture/equipment
300;54.0;0;own;little;little;672;6-month;car
301;42.0;2;own;little;moderate;3804;36-month;radio/TV
302;37.0;1;own;little;rich;1344;24-month;car
303;49.0;2;own;little;little;1038;10-month;car
304;44.0;2;free;quite rich;little;10127;48-month;car
305;33.0;2;own;rich;little;1543;6-month;furniture/equipment
306;;1;rent;little;little;4811;30-month;car
307;33.0;1;own;moderate;little;727;12-month;radio/TV
308;24.0;2;own;little;moderate;1237;8-month;furniture/equipment
309;22.0;1;rent;little;moderate;276;9-month;car
310;40.0;0;free;little;moderate;5381;48-month;vacation/others
311;25.0;2;own;moderate;little;5511;24-month;furniture/equipment
312;26.0;2;own;little;rich;3749;24-month;furniture/equipment
313;25.0;1;own;little;moderate;685;12-month;car
314;29.0;1;own;little;rich;1494;4-month;car
315;31.0;2;own;little;little;2746;36-month;furniture/equipment
316;38.0;1;own;little;little;708;12-month;furniture/equipment
317;48.0;1;own;little;moderate;4351;24-month;furniture/equipment
318;32.0;2;own;little;little;701;12-month;education
319;27.0;1;own;little;little;3643;15-month;furniture/equipment
320;28.0;3;own;little;moderate;4249;30-month;car
321;32.0;2;own;little;little;1938;24-month;radio/TV
322;34.0;3;free;little;little;2910;24-month;car
323;28.0;2;own;rich;little;2659;18-month;furniture/equipment
324;36.0;2;own;little;little;1028;18-month;car
325;;1;own;little;little;3398;8-month;car
326;;2;rent;little;little;5801;12-month;furniture/equipment
327;34.0;2;own;rich;little;1525;24-month;car
328;31.0;2;own;little;rich;4473;36-month;radio/TV
329;;2;own;little;moderate;1068;6-month;radio/TV
330;75.0;3;free;little;little;6615;24-month;car
331;30.0;2;own;moderate;little;1864;18-month;education
332;24.0;3;own;moderate;moderate;7408;60-month;car
333;24.0;1;rent;moderate;little;11590;48-month;car
334;23.0;2;rent;little;little;4110;24-month;furniture/equipment
335;44.0;3;rent;little;little;3384;6-month;furniture/equipment
336;23.0;1;own;little;moderate;2101;13-month;radio/TV
337;24.0;2;rent;little;little;1275;15-month;domestic appliances
338;28.0;2;own;little;little;4169;24-month;furniture/equipment
339;31.0;1;;little;moderate;1521;10-month;furniture/equipment
340;24.0;2;free;little;moderate;5743;24-month;education
341;26.0;1;rent;little;little;3599;21-month;furniture/equipment
342;25.0;2;rent;quite rich;moderate;3213;18-month;radio/TV
343;33.0;3;own;little;moderate;4439;18-month;business
344;37.0;1;own;little;rich;3949;10-month;car
345;43.0;1;own;little;little;1459;15-month;radio/TV
346;23.0;2;own;little;moderate;882;13-month;radio/TV
347;;0;rent;quite rich;moderate;3758;24-month;radio/TV
348;34.0;1;own;moderate;little;1743;6-month;business
349;32.0;2;free;rich;moderate;1136;9-month;education
350;23.0;2;rent;little;little;1236;9-month;domestic appliances
351;29.0;2;own;little;moderate;959;9-month;furniture/equipment
352;38.0;3;own;little;little;3229;18-month;car
353;28.0;2;rent;little;little;6199;12-month;radio/TV
354;46.0;2;free;quite rich;little;727;10-month;education
355;23.0;1;;little;moderate;1246;24-month;car
356;;2;own;little;little;2331;12-month;radio/TV
357;26.0;3;own;little;little;4463;36-month;radio/TV
358;28.0;2;own;little;little;776;12-month;radio/TV
359;23.0;2;rent;little;little;2406;30-month;furniture/equipment
360;61.0;2;free;little;moderate;1239;18-month;education
361;37.0;3;own;little;rich;3399;12-month;radio/TV
362;36.0;2;own;little;rich;2247;12-month;car
363;;2;rent;little;little;1766;6-month;furniture/equipment
364;25.0;0;own;little;little;2473;18-month;furniture/equipment
365;36.0;2;own;little;little;1542;12-month;business
366;27.0;2;own;little;little;3850;18-month;car
367;22.0;2;rent;little;little;3650;18-month;furniture/equipment
368;42.0;2;own;little;little;3446;36-month;furniture/equipment
369;40.0;2;rent;little;moderate;3001;18-month;furniture/equipment
370;36.0;2;own;little;little;3079;36-month;car
371;33.0;2;own;little;little;6070;18-month;radio/TV
372;23.0;2;rent;little;little;2146;10-month;furniture/equipment
373;63.0;3;free;little;little;13756;60-month;car
374;60.0;3;free;moderate;moderate;14782;60-month;vacation/others
375;37.0;2;rent;little;little;7685;48-month;business
376;34.0;2;own;little;little;2320;18-month;radio/TV
377;36.0;2;free;little;little;846;7-month;radio/TV
378;57.0;3;free;little;moderate;14318;36-month;car
379;52.0;1;own;moderate;little;362;6-month;car
380;;2;own;little;little;2212;20-month;furniture/equipment
381;38.0;3;free;little;moderate;12976;18-month;car
382;25.0;2;rent;little;little;1283;22-month;car
383;26.0;2;own;little;rich;1330;12-month;car
384;26.0;1;;moderate;little;4272;30-month;business
385;25.0;2;own;little;little;2238;18-month;radio/TV
386;21.0;2;rent;little;little;1126;18-month;radio/TV
387;40.0;3;own;little;moderate;7374;18-month;furniture/equipment
388;27.0;2;own;quite rich;moderate;2326;15-month;business
389;27.0;2;own;little;little;1449;9-month;business
390;30.0;3;own;little;little;1820;18-month;car
391;19.0;1;rent;rich;moderate;983;12-month;furniture/equipment
392;39.0;3;free;little;little;3249;36-month;car
393;31.0;2;own;little;little;1957;6-month;radio/TV
394;31.0;3;own;little;little;2406;9-month;furniture/equipment
395;32.0;2;rent;moderate;moderate;11760;39-month;education
396;55.0;3;free;little;little;2578;12-month;furniture/equipment
397;46.0;2;own;little;little;2348;36-month;furniture/equipment
398;;2;rent;little;moderate;1223;12-month;car
399;43.0;1;own;rich;little;1516;24-month;radio/TV
400;39.0;2;own;little;little;1473;18-month;radio/TV
401;28.0;2;own;little;moderate;1887;18-month;business
402;;2;own;little;little;8648;24-month;business
403;27.0;1;own;little;little;802;14-month;car
404;43.0;2;own;little;moderate;2899;18-month;car
405;22.0;2;own;little;moderate;2039;24-month;radio/TV
406;43.0;2;;little;little;2197;24-month;car
407;27.0;2;own;little;little;1053;15-month;radio/TV
408;26.0;3;own;quite rich;little;3235;24-month;radio/TV
409;28.0;2;own;quite rich;rich;939;12-month;car
410;20.0;2;own;little;moderate;1967;24-month;radio/TV
411;35.0;3;own;little;little;7253;33-month;car
412;42.0;3;own;little;little;2292;12-month;business
413;40.0;1;rent;quite rich;little;1597;10-month;car
414;35.0;2;own;little;little;1381;24-month;car
415;35.0;2;own;little;little;5842;36-month;car
416;33.0;1;own;little;little;2579;12-month;car
417;;2;rent;little;little;8471;18-month;education
418;31.0;3;own;quite rich;little;2782;21-month;car
419;33.0;2;own;little;moderate;1042;18-month;car
420;20.0;2;rent;rich;little;3186;15-month;car
421;30.0;2;own;little;moderate;2028;12-month;car
422;47.0;1;own;little;moderate;958;12-month;car
423;34.0;3;own;moderate;little;1591;21-month;furniture/equipment
424;25.0;2;own;little;moderate;2762;12-month;furniture/equipment
425;21.0;2;rent;little;moderate;2779;18-month;car
426;29.0;2;own;little;little;2743;28-month;radio/TV
427;46.0;2;own;rich;little;1149;18-month;radio/TV
428;20.0;2;own;little;little;1313;9-month;furniture/equipment
429;55.0;0;free;little;little;1190;18-month;repairs
430;74.0;1;own;little;little;3448;5-month;business
431;29.0;3;own;little;moderate;11328;24-month;vacation/others
432;36.0;3;free;little;little;1872;6-month;furniture/equipment
433;33.0;2;own;little;little;2058;24-month;repairs
434;25.0;2;own;little;little;2136;9-month;furniture/equipment
435;25.0;2;own;little;moderate;1484;12-month;radio/TV
436;23.0;1;rent;quite rich;little;660;6-month;repairs
437;37.0;2;own;rich;little;1287;24-month;car
438;65.0;0;own;little;little;3394;42-month;repairs
439;26.0;0;;little;rich;609;12-month;business
440;39.0;3;own;little;little;1884;12-month;car
441;30.0;2;own;little;little;1620;12-month;furniture/equipment
442;29.0;2;own;little;moderate;2629;20-month;vacation/others
443;41.0;1;own;little;little;719;12-month;education
444;30.0;3;own;little;moderate;5096;48-month;furniture/equipment
445;41.0;1;rent;little;little;1244;9-month;education
446;34.0;2;own;little;little;1842;36-month;car
447;35.0;2;own;little;moderate;2576;7-month;radio/TV
448;55.0;3;own;little;rich;1424;12-month;furniture/equipment
449;61.0;2;own;rich;moderate;1512;15-month;repairs
450;30.0;3;own;little;little;11054;36-month;car
451;29.0;2;own;little;little;518;6-month;radio/TV
452;34.0;2;own;little;little;2759;12-month;furniture/equipment
453;35.0;3;own;little;little;2670;24-month;car
454;31.0;2;own;little;little;4817;24-month;car
455;29.0;3;own;little;little;2679;24-month;car
456;36.0;2;rent;little;little;3905;11-month;car
457;35.0;2;free;little;little;3386;12-month;car
458;27.0;2;own;little;little;343;6-month;domestic appliances
459;32.0;2;own;little;little;4594;18-month;radio/TV
460;37.0;2;own;little;little;3620;36-month;furniture/equipment
461;36.0;2;own;little;little;1721;15-month;car
462;34.0;3;;little;moderate;3017;12-month;furniture/equipment
463;38.0;2;own;little;moderate;754;12-month;education
464;34.0;2;;little;little;1950;18-month;business
465;63.0;2;own;little;little;2924;24-month;car
466;29.0;1;rent;little;little;1659;24-month;radio/TV
467;32.0;2;own;little;little;7238;48-month;radio/TV
468;26.0;2;own;little;little;2764;33-month;business
469;35.0;1;;little;little;4679;24-month;car
470;22.0;2;rent;moderate;moderate;3092;24-month;radio/TV
471;23.0;2;own;little;little;448;6-month;education
472;28.0;1;own;little;little;654;9-month;car
473;36.0;3;own;little;little;1238;6-month;education
474;33.0;2;own;little;moderate;1245;18-month;radio/TV
475;26.0;2;rent;little;little;3114;18-month;furniture/equipment
476;24.0;2;own;quite rich;little;2569;39-month;car
477;25.0;2;own;little;rich;5152;24-month;radio/TV
478;39.0;1;own;moderate;moderate;1037;12-month;business
479;44.0;2;own;little;little;1478;15-month;furniture/equipment
480;23.0;1;own;little;moderate;3573;12-month;radio/TV
481;26.0;2;own;little;moderate;1201;24-month;car
482;57.0;2;rent;rich;little;3622;30-month;furniture/equipment
483;30.0;2;own;rich;little;960;15-month;furniture/equipment
484;44.0;2;own;quite rich;little;1163;12-month;car
485;47.0;3;own;little;moderate;1209;6-month;car
486;52.0;2;own;little;little;3077;12-month;radio/TV
487;62.0;2;free;little;little;3757;24-month;car
488;35.0;1;rent;moderate;little;1418;10-month;car
489;;2;rent;little;little;3518;6-month;car
490;26.0;2;own;little;little;1934;12-month;radio/TV
491;42.0;3;;little;moderate;8318;27-month;business
492;27.0;2;own;moderate;little;1237;6-month;radio/TV
493;38.0;2;own;little;moderate;368;6-month;radio/TV
494;39.0;1;rent;little;little;2122;12-month;car
495;20.0;2;own;little;little;2996;24-month;furniture/equipment
496;29.0;3;rent;moderate;moderate;9034;36-month;furniture/equipment
497;40.0;2;own;little;little;1585;24-month;furniture/equipment
498;32.0;1;own;little;moderate;1301;18-month;radio/TV
499;28.0;2;own;moderate;rich;1323;6-month;car
500;27.0;2;own;little;little;3123;24-month;car
501;42.0;2;free;little;little;5493;36-month;car
502;49.0;2;own;moderate;rich;1126;9-month;radio/TV
503;38.0;2;own;moderate;moderate;1216;24-month;radio/TV
504;24.0;2;rent;little;little;1207;24-month;car
505;27.0;1;own;little;little;1309;10-month;car
506;36.0;2;own;quite rich;rich;2360;15-month;car
507;34.0;3;own;moderate;moderate;6850;15-month;car
508;28.0;2;own;little;little;1413;24-month;radio/TV
509;45.0;3;own;moderate;little;8588;39-month;car
510;26.0;2;own;little;little;759;12-month;car
511;32.0;3;free;little;little;4686;36-month;car
512;26.0;2;rent;little;rich;2687;15-month;business
513;20.0;2;rent;little;moderate;585;12-month;radio/TV
514;54.0;2;own;little;little;2255;24-month;car
515;37.0;2;own;little;little;609;6-month;car
516;40.0;1;own;little;little;1361;6-month;car
517;23.0;2;rent;little;little;7127;36-month;furniture/equipment
518;43.0;2;own;moderate;little;1203;6-month;car
519;36.0;2;free;little;little;700;6-month;radio/TV
520;44.0;2;free;little;little;5507;24-month;repairs
521;24.0;2;own;little;little;3190;18-month;radio/TV
522;;2;free;little;little;7119;48-month;furniture/equipment
523;23.0;2;own;moderate;little;3488;24-month;car
524;26.0;1;own;little;moderate;1113;18-month;radio/TV
525;30.0;2;own;little;moderate;7966;26-month;car
526;31.0;2;own;moderate;little;1532;15-month;education
527;42.0;1;own;little;little;1503;4-month;radio/TV
528;31.0;2;rent;little;little;2302;36-month;radio/TV
529;41.0;1;own;little;little;662;6-month;car
530;32.0;2;own;little;moderate;2273;36-month;education
531;28.0;2;rent;moderate;moderate;2631;15-month;car
532;41.0;2;rent;little;little;1503;12-month;car
533;26.0;2;own;moderate;little;1311;24-month;radio/TV
534;25.0;2;own;little;little;3105;24-month;radio/TV
535;33.0;2;rent;little;rich;2319;21-month;education
536;74.0;3;own;little;little;1374;6-month;car
537;37.0;2;own;little;moderate;3612;18-month;furniture/equipment
538;;3;free;little;little;7763;48-month;car
539;45.0;1;own;little;rich;3049;18-month;furniture/equipment
540;;2;rent;little;moderate;1534;12-month;radio/TV
541;;2;free;little;little;2032;24-month;car
542;31.0;2;own;little;little;6350;30-month;furniture/equipment
543;34.0;1;own;little;rich;2864;18-month;furniture/equipment
544;61.0;1;own;little;little;1255;12-month;car
545;43.0;2;free;little;little;1333;24-month;car
546;37.0;2;own;little;little;2022;24-month;car
547;32.0;2;own;little;little;1552;24-month;radio/TV
548;24.0;1;own;little;little;626;12-month;radio/TV
549;35.0;2;free;little;little;8858;48-month;car
550;23.0;2;own;little;little;996;12-month;repairs
551;45.0;1;own;quite rich;little;1750;6-month;radio/TV
552;34.0;2;own;little;little;6999;48-month;radio/TV
553;27.0;2;own;moderate;moderate;1995;12-month;car
554;67.0;3;own;little;moderate;1199;9-month;education
555;;2;own;little;moderate;1331;12-month;radio/TV
556;28.0;2;own;moderate;moderate;2278;18-month;car
557;29.0;2;own;little;little;5003;21-month;car
558;27.0;2;own;little;little;3552;24-month;furniture/equipment
559;31.0;1;own;little;moderate;1928;18-month;furniture/equipment
560;49.0;2;free;little;little;2964;24-month;car
561;24.0;1;rent;little;little;1546;24-month;radio/TV
562;29.0;2;own;little;rich;683;6-month;radio/TV
563;37.0;2;free;little;moderate;12389;36-month;car
564;37.0;3;own;little;moderate;4712;24-month;business
565;23.0;2;rent;moderate;moderate;1553;24-month;radio/TV
566;36.0;2;own;little;little;1372;12-month;car
567;34.0;2;own;rich;little;2578;24-month;radio/TV
568;41.0;2;own;little;moderate;3979;48-month;radio/TV
569;;2;own;little;little;6758;48-month;radio/TV
570;23.0;1;rent;little;little;3234;24-month;furniture/equipment
571;38.0;2;own;little;little;5954;30-month;radio/TV
572;26.0;3;rent;little;little;5433;24-month;car
573;22.0;1;own;little;little;806;15-month;business
574;27.0;1;own;little;moderate;1082;9-month;radio/TV
575;24.0;2;own;little;little;2788;15-month;furniture/equipment
576;27.0;2;own;little;moderate;2930;12-month;radio/TV
577;33.0;2;own;little;little;1927;24-month;education
578;27.0;2;own;little;moderate;2820;36-month;car
579;;1;own;little;little;937;24-month;education
580;;2;own;little;moderate;1056;18-month;car
581;49.0;1;own;little;moderate;3124;12-month;car
582;;2;rent;little;little;1388;9-month;furniture/equipment
583;33.0;1;rent;little;moderate;2384;36-month;repairs
584;52.0;3;free;little;little;2133;12-month;car
585;;2;rent;little;little;2039;18-month;furniture/equipment
586;36.0;2;rent;little;little;2799;9-month;car
587;21.0;1;own;little;little;1289;12-month;furniture/equipment
588;47.0;1;own;little;little;1217;18-month;domestic appliances
589;60.0;2;own;little;little;2246;12-month;furniture/equipment
590;58.0;1;own;little;little;385;12-month;radio/TV
591;;2;rent;little;moderate;1965;24-month;car
592;36.0;1;own;rich;little;1572;21-month;business
593;20.0;1;rent;little;moderate;2718;24-month;car
594;40.0;3;;little;little;1358;24-month;vacation/others
595;32.0;1;own;moderate;moderate;931;6-month;car
596;23.0;2;rent;little;little;1442;24-month;car
597;36.0;1;own;little;moderate;4241;24-month;business
598;31.0;2;own;little;little;2775;18-month;car
599;32.0;2;free;little;little;3863;24-month;business
600;45.0;2;own;little;moderate;2329;7-month;radio/TV
601;30.0;2;own;little;moderate;918;9-month;furniture/equipment
602;34.0;1;free;little;moderate;1837;24-month;education
603;28.0;3;own;little;little;3349;36-month;furniture/equipment
604;23.0;2;own;little;rich;1275;10-month;furniture/equipment
605;22.0;2;own;quite rich;little;2828;24-month;furniture/equipment
606;74.0;3;own;little;little;4526;24-month;business
607;50.0;2;free;moderate;moderate;2671;36-month;radio/TV
608;33.0;2;own;little;little;2051;18-month;radio/TV
609;45.0;2;free;little;little;1300;15-month;car
610;22.0;2;own;moderate;little;741;12-month;domestic appliances
611;48.0;1;free;moderate;rich;1240;10-month;car
612;29.0;2;own;rich;little;3357;21-month;radio/TV
613;22.0;2;rent;little;little;3632;24-month;car
614;22.0;2;own;little;little;1808;18-month;furniture/equipment
615;48.0;3;own;little;moderate;12204;48-month;business
616;27.0;3;free;little;moderate;9157;60-month;radio/TV
617;37.0;2;rent;little;little;3676;6-month;car
618;21.0;2;;moderate;moderate;3441;30-month;furniture/equipment
619;49.0;1;own;little;little;640;12-month;car
620;27.0;2;own;little;moderate;3652;21-month;business
621;32.0;2;own;little;little;1530;18-month;car
622;38.0;2;own;little;little;3914;48-month;business
623;22.0;2;rent;little;little;1858;12-month;furniture/equipment
624;;2;free;little;little;2600;18-month;radio/TV
625;35.0;2;own;little;little;1979;15-month;radio/TV
626;41.0;2;own;little;rich;2116;6-month;furniture/equipment
627;29.0;2;own;moderate;moderate;1437;9-month;car
628;36.0;2;own;quite rich;little;4042;42-month;furniture/equipment
629;64.0;1;own;little;little;3832;9-month;education
630;28.0;2;own;little;little;3660;24-month;radio/TV
631;44.0;2;own;little;little;1553;18-month;furniture/equipment
632;23.0;2;own;little;moderate;1444;15-month;radio/TV
633;21.0;2;rent;little;little;1980;9-month;furniture/equipment
634;25.0;1;own;little;moderate;1355;24-month;car
635;47.0;2;own;little;little;1393;12-month;education
636;28.0;2;own;quite rich;little;1376;24-month;radio/TV
637;21.0;2;own;little;little;15653;60-month;radio/TV
638;34.0;2;own;little;little;1493;12-month;radio/TV
639;26.0;2;own;little;little;4370;42-month;radio/TV
640;27.0;0;own;little;little;750;18-month;education
641;38.0;1;own;little;moderate;1308;15-month;repairs
642;40.0;3;own;moderate;little;4623;15-month;education
643;33.0;2;own;little;little;1851;24-month;radio/TV
644;;3;;little;little;1880;18-month;radio/TV
645;27.0;2;rent;little;little;7980;36-month;business
646;32.0;2;own;little;little;4583;30-month;furniture/equipment
647;26.0;2;own;quite rich;little;1386;12-month;car
648;38.0;2;free;little;rich;947;24-month;car
649;40.0;1;rent;little;little;684;12-month;education
650;50.0;3;free;little;little;7476;48-month;education
651;37.0;1;own;little;moderate;1922;12-month;furniture/equipment
652;45.0;2;own;little;little;2303;24-month;car
653;42.0;3;own;moderate;moderate;8086;36-month;car
654;35.0;2;own;little;little;2346;24-month;car
655;22.0;2;free;little;little;3973;14-month;car
656;41.0;1;own;little;moderate;888;12-month;car
657;37.0;2;own;little;little;10222;48-month;radio/TV
658;28.0;2;own;little;moderate;4221;30-month;business
659;41.0;2;own;little;moderate;6361;18-month;furniture/equipment
660;23.0;2;rent;little;rich;1297;12-month;radio/TV
661;23.0;2;own;little;little;900;12-month;car
662;50.0;2;own;little;little;2241;21-month;furniture/equipment
663;35.0;3;own;little;moderate;1050;6-month;furniture/equipment
664;50.0;1;own;little;rich;1047;6-month;education
665;27.0;3;own;little;little;6314;24-month;vacation/others
666;34.0;2;own;rich;moderate;3496;30-month;furniture/equipment
667;27.0;2;own;little;little;3609;48-month;business
668;43.0;2;rent;little;little;4843;12-month;car
669;47.0;2;own;little;rich;3017;30-month;radio/TV
670;27.0;1;own;moderate;little;4139;24-month;business
671;31.0;2;own;moderate;little;5742;36-month;business
672;42.0;3;own;little;little;10366;60-month;car
673;24.0;2;own;quite rich;little;2080;6-month;car
674;41.0;1;own;quite rich;little;2580;21-month;business
675;26.0;3;rent;little;little;4530;30-month;radio/TV
676;33.0;2;own;little;little;5150;24-month;furniture/equipment
677;24.0;2;;moderate;moderate;5595;72-month;radio/TV
678;64.0;1;rent;little;little;2384;24-month;radio/TV
679;;2;own;little;little;1453;18-month;radio/TV
680;56.0;2;own;little;little;1538;6-month;education
681;37.0;2;free;little;little;2279;12-month;radio/TV
682;33.0;2;own;little;little;1478;15-month;radio/TV
683;47.0;2;free;little;little;5103;24-month;radio/TV
684;;1;own;moderate;moderate;9857;36-month;business
685;34.0;2;free;little;little;6527;60-month;car
686;27.0;2;own;little;rich;1347;10-month;radio/TV
687;30.0;2;free;moderate;moderate;2862;36-month;car
688;35.0;2;own;moderate;little;2753;9-month;radio/TV
689;31.0;2;own;rich;little;3651;12-month;car
690;25.0;2;own;little;little;975;15-month;furniture/equipment
691;25.0;1;own;moderate;moderate;2631;15-month;repairs
692;29.0;2;own;moderate;moderate;2896;24-month;radio/TV
693;44.0;1;own;little;little;4716;6-month;car
694;28.0;2;own;little;little;2284;24-month;radio/TV
695;50.0;2;rent;quite rich;little;1236;6-month;car
696;29.0;2;own;little;moderate;1103;12-month;radio/TV
697;38.0;0;;little;little;926;12-month;car
698;24.0;2;own;little;little;1800;18-month;radio/TV
699;40.0;3;rent;little;rich;1905;15-month;education
700;29.0;1;rent;quite rich;little;1123;12-month;furniture/equipment
701;46.0;2;free;little;little;6331;48-month;car
702;47.0;2;free;moderate;rich;1377;24-month;radio/TV
703;41.0;2;own;moderate;moderate;2503;30-month;business
704;32.0;2;own;little;moderate;2528;27-month;business
705;35.0;2;free;quite rich;little;5324;15-month;car
706;24.0;2;own;moderate;moderate;6560;48-month;car
707;25.0;2;;little;moderate;2969;12-month;furniture/equipment
708;25.0;2;;little;moderate;1206;9-month;radio/TV
709;37.0;1;own;little;moderate;2118;9-month;radio/TV
710;32.0;3;own;quite rich;little;629;18-month;radio/TV
711;;2;free;little;little;1198;6-month;education
712;46.0;3;own;little;little;2476;21-month;car
713;25.0;1;own;little;little;1138;9-month;radio/TV
714;27.0;3;own;little;moderate;14027;60-month;car
715;63.0;2;own;little;little;7596;30-month;car
716;40.0;2;own;little;little;3077;30-month;radio/TV
717;32.0;3;free;little;little;1505;18-month;radio/TV
718;31.0;2;own;little;rich;3148;24-month;radio/TV
719;31.0;2;own;moderate;moderate;6148;20-month;car
720;34.0;3;own;little;rich;1337;9-month;radio/TV
721;24.0;2;rent;rich;moderate;433;6-month;education
722;24.0;1;own;little;little;1228;12-month;car
723;;1;own;quite rich;moderate;790;9-month;radio/TV
724;21.0;2;rent;little;little;2570;27-month;car
725;41.0;1;own;rich;little;250;6-month;car
726;47.0;1;own;quite rich;little;1316;15-month;radio/TV
727;25.0;2;rent;little;little;1882;18-month;radio/TV
728;59.0;2;rent;little;moderate;6416;48-month;business
729;36.0;2;own;rich;rich;1275;24-month;business
730;33.0;2;own;little;moderate;6403;24-month;radio/TV
731;21.0;1;rent;little;little;1987;24-month;radio/TV
732;44.0;1;own;little;moderate;760;8-month;radio/TV
733;28.0;2;rent;rich;little;2603;24-month;car
734;37.0;2;own;little;little;3380;4-month;car
735;29.0;0;own;little;moderate;3990;36-month;domestic appliances
736;23.0;3;rent;little;moderate;11560;24-month;car
737;35.0;1;own;moderate;little;4380;18-month;car
738;45.0;3;own;little;little;6761;6-month;car
739;26.0;1;rent;moderate;moderate;4280;30-month;business
740;32.0;2;own;moderate;little;2325;24-month;car
741;23.0;1;own;little;moderate;1048;10-month;radio/TV
742;41.0;2;own;little;little;3160;21-month;radio/TV
743;22.0;2;own;quite rich;little;2483;24-month;furniture/equipment
744;30.0;3;own;little;little;14179;39-month;furniture/equipment
745;;1;own;little;little;1797;13-month;business
746;23.0;2;rent;little;little;2511;15-month;car
747;37.0;1;own;little;little;1274;12-month;car
748;26.0;2;own;little;little;5248;21-month;car
749;;2;own;little;little;3029;15-month;car
750;49.0;2;own;little;little;428;6-month;furniture/equipment
751;23.0;1;own;little;little;976;18-month;car
752;23.0;1;rent;moderate;moderate;841;12-month;business
753;25.0;2;own;little;little;5771;30-month;radio/TV
754;55.0;2;free;rich;little;1555;12-month;repairs
755;32.0;2;rent;little;little;1285;24-month;car
756;74.0;0;own;little;rich;1299;6-month;car
757;39.0;2;free;little;rich;1271;15-month;radio/TV
758;31.0;2;own;little;little;1393;24-month;car
759;;2;own;little;little;691;12-month;car
760;59.0;2;own;little;little;5045;15-month;car
761;24.0;2;rent;little;little;2124;18-month;furniture/equipment
762;24.0;1;own;little;little;2214;12-month;radio/TV
763;;3;free;little;little;12680;21-month;car
764;27.0;2;own;moderate;little;2463;24-month;car
765;40.0;1;own;little;moderate;1155;12-month;radio/TV
766;31.0;1;own;little;little;3108;30-month;furniture/equipment
767;31.0;2;rent;little;little;2901;10-month;car
768;28.0;2;rent;little;moderate;3617;12-month;furniture/equipment
769;63.0;1;own;little;little;1655;12-month;radio/TV
770;26.0;2;rent;little;little;2812;24-month;car
771;25.0;3;own;little;little;8065;36-month;education
772;36.0;3;own;little;little;3275;21-month;car
773;52.0;2;own;moderate;little;2223;24-month;radio/TV
774;66.0;0;free;quite rich;rich;1480;12-month;car
775;25.0;2;rent;little;little;1371;24-month;car
776;37.0;2;own;little;little;3535;36-month;car
777;25.0;2;own;little;little;3509;18-month;radio/TV
778;38.0;3;own;rich;little;5711;36-month;car
779;67.0;2;own;little;moderate;3872;18-month;repairs
780;25.0;2;own;little;moderate;4933;39-month;radio/TV
781;60.0;2;own;rich;little;1940;24-month;car
782;;1;own;little;moderate;1410;12-month;education
783;23.0;1;own;moderate;moderate;836;12-month;car
784;60.0;3;own;little;moderate;6468;20-month;car
785;35.0;1;own;rich;moderate;1941;18-month;business
786;40.0;2;own;quite rich;little;2675;22-month;radio/TV
787;38.0;2;own;little;little;2751;48-month;car
788;50.0;2;free;little;moderate;6224;48-month;education
789;27.0;2;own;little;little;5998;40-month;education
790;39.0;2;own;little;moderate;1188;21-month;business
791;41.0;3;own;little;little;6313;24-month;car
792;27.0;2;own;little;little;1221;6-month;furniture/equipment
793;51.0;2;free;little;rich;2892;24-month;furniture/equipment
794;32.0;2;rent;quite rich;little;3062;24-month;furniture/equipment
795;22.0;2;rent;moderate;little;2301;9-month;furniture/equipment
796;51.0;2;free;little;little;7511;18-month;car
797;22.0;1;;little;little;1258;12-month;furniture/equipment
798;54.0;2;own;little;little;717;24-month;car
799;35.0;0;own;little;moderate;1549;9-month;car
800;54.0;2;free;little;little;1597;24-month;education
801;48.0;1;rent;little;moderate;1795;18-month;radio/TV
802;24.0;2;own;little;little;4272;20-month;furniture/equipment
803;35.0;2;own;little;little;976;12-month;radio/TV
804;24.0;0;rent;little;moderate;7472;12-month;car
805;24.0;2;own;little;little;9271;36-month;car
806;26.0;1;own;little;moderate;590;6-month;radio/TV
807;65.0;2;own;little;little;930;12-month;radio/TV
808;55.0;3;free;little;moderate;9283;42-month;car
809;26.0;0;rent;little;moderate;1778;15-month;car
810;26.0;2;own;little;moderate;907;8-month;business
811;28.0;1;own;little;moderate;484;6-month;radio/TV
812;;2;own;little;little;9629;36-month;car
813;54.0;2;own;little;little;3051;48-month;domestic appliances
814;46.0;2;free;little;little;3931;48-month;car
815;54.0;2;rent;little;moderate;7432;36-month;car
816;;2;own;quite rich;little;1338;6-month;domestic appliances
817;24.0;2;rent;little;little;1554;6-month;radio/TV
818;43.0;3;own;little;little;15857;36-month;vacation/others
819;26.0;2;own;little;little;1345;18-month;radio/TV
820;27.0;2;own;little;little;1101;12-month;car
821;24.0;2;own;little;rich;3016;12-month;radio/TV
822;41.0;2;own;little;little;2712;36-month;furniture/equipment
823;47.0;1;own;little;little;731;8-month;car
824;35.0;3;own;little;little;3780;18-month;furniture/equipment
825;30.0;2;own;little;little;1602;21-month;car
826;33.0;2;;little;little;3966;18-month;car
827;36.0;2;own;little;little;4165;18-month;business
828;47.0;2;free;little;little;8335;36-month;car
829;38.0;2;;little;moderate;6681;48-month;business
830;44.0;2;own;quite rich;little;2375;24-month;business
831;;2;rent;little;little;1216;18-month;car
832;29.0;2;rent;little;little;11816;45-month;business
833;42.0;2;own;little;moderate;5084;24-month;radio/TV
834;25.0;1;own;little;rich;2327;15-month;radio/TV
835;;2;own;little;little;1082;12-month;car
836;21.0;2;own;little;little;886;12-month;radio/TV
837;23.0;1;rent;little;little;601;4-month;furniture/equipment
838;63.0;2;own;little;little;2957;24-month;car
839;46.0;2;;little;little;2611;24-month;radio/TV
840;29.0;2;;little;little;5179;36-month;furniture/equipment
841;28.0;1;own;little;little;2993;21-month;car
842;23.0;2;own;little;little;1943;18-month;repairs
843;50.0;2;own;little;little;1559;24-month;business
844;47.0;2;own;little;little;3422;18-month;furniture/equipment
845;35.0;2;own;little;moderate;3976;21-month;furniture/equipment
846;68.0;2;rent;little;little;6761;18-month;car
847;28.0;2;own;little;little;1249;24-month;car
848;59.0;2;own;little;little;1364;9-month;radio/TV
849;57.0;1;own;little;little;709;12-month;radio/TV
850;33.0;2;rent;little;little;2235;20-month;car
851;43.0;2;own;little;little;4042;24-month;car
852;35.0;2;free;little;little;1471;15-month;radio/TV
853;32.0;1;free;little;little;1442;18-month;car
854;;2;own;little;little;10875;36-month;car
855;;2;own;moderate;little;1474;24-month;car
856;40.0;2;own;little;little;894;10-month;education
857;28.0;2;free;little;little;3343;15-month;furniture/equipment
858;29.0;2;own;little;little;3959;15-month;car
859;26.0;2;rent;moderate;little;3577;9-month;car
860;27.0;2;own;rich;little;5804;24-month;car
861;28.0;2;own;little;little;2169;18-month;business
862;35.0;2;own;little;little;2439;24-month;radio/TV
863;32.0;1;own;rich;little;4526;27-month;furniture/equipment
864;25.0;1;rent;little;little;2210;10-month;furniture/equipment
865;;2;rent;quite rich;little;2221;15-month;furniture/equipment
866;;2;own;little;little;2389;18-month;radio/TV
867;42.0;2;own;little;little;3331;12-month;furniture/equipment
868;37.0;2;own;little;little;7409;36-month;business
869;24.0;2;rent;little;little;652;12-month;furniture/equipment
870;40.0;2;own;quite rich;little;7678;36-month;furniture/equipment
871;46.0;2;own;little;rich;1343;6-month;car
872;26.0;2;own;moderate;little;1382;24-month;business
873;24.0;2;own;little;little;874;15-month;domestic appliances
874;29.0;1;own;little;little;3590;12-month;furniture/equipment
875;40.0;2;own;rich;moderate;1322;11-month;car
876;36.0;3;free;little;little;1940;18-month;radio/TV
877;28.0;2;;little;little;3595;36-month;radio/TV
878;27.0;3;free;little;little;1422;9-month;car
879;36.0;2;own;little;little;6742;30-month;radio/TV
880;38.0;3;;little;little;7814;24-month;car
881;48.0;2;;little;little;9277;24-month;car
882;36.0;2;own;little;moderate;2181;30-month;car
883;;0;own;little;little;1098;18-month;radio/TV
884;43.0;2;own;little;moderate;4057;24-month;furniture/equipment
885;;2;own;little;little;795;12-month;education
886;34.0;2;own;little;moderate;2825;24-month;business
887;23.0;2;own;little;moderate;15672;48-month;business
888;34.0;3;own;little;little;6614;36-month;car
889;40.0;2;rent;little;little;7824;28-month;car
890;43.0;3;own;little;little;2442;27-month;business
891;46.0;2;own;little;little;1829;15-month;radio/TV
892;38.0;1;own;little;little;2171;12-month;car
893;34.0;2;own;little;moderate;5800;36-month;car
894;29.0;2;own;little;little;1169;18-month;radio/TV
895;31.0;3;own;little;little;8947;36-month;car
896;28.0;3;rent;little;little;2606;21-month;radio/TV
897;35.0;2;own;rich;little;1592;12-month;furniture/equipment
898;33.0;1;rent;little;little;2186;15-month;furniture/equipment
899;42.0;2;own;little;little;4153;18-month;furniture/equipment
900;43.0;2;rent;little;little;2625;16-month;car
901;;2;own;little;little;3485;20-month;car
902;;2;free;little;little;10477;36-month;car
903;40.0;2;rent;little;little;1386;15-month;radio/TV
904;;3;own;little;little;1278;24-month;radio/TV
905;20.0;3;rent;little;little;1107;12-month;radio/TV
906;24.0;1;own;little;little;3763;21-month;car
907;27.0;2;own;little;moderate;3711;36-month;education
908;46.0;1;own;little;little;3594;15-month;car
909;33.0;1;own;little;moderate;3195;9-month;car
910;;2;own;little;little;4454;36-month;radio/TV
911;25.0;1;own;little;moderate;4736;24-month;furniture/equipment
912;25.0;2;own;little;moderate;2991;30-month;radio/TV
913;28.0;2;own;rich;little;2142;11-month;business
914;31.0;2;rent;little;little;3161;24-month;business
915;32.0;3;own;little;moderate;18424;48-month;vacation/others
916;32.0;2;own;moderate;little;2848;10-month;car
917;68.0;3;own;little;little;14896;6-month;car
918;33.0;2;own;moderate;little;2359;24-month;furniture/equipment
919;39.0;3;rent;little;little;3345;24-month;furniture/equipment
920;28.0;2;own;little;little;1817;18-month;furniture/equipment
921;37.0;3;own;quite rich;little;12749;48-month;radio/TV
922;22.0;2;rent;little;little;1366;9-month;radio/TV
923;30.0;2;rent;little;moderate;2002;12-month;car
924;55.0;2;own;little;little;6872;24-month;furniture/equipment
925;46.0;2;own;little;little;697;12-month;car
926;21.0;2;rent;little;little;1049;18-month;furniture/equipment
927;39.0;2;free;little;little;10297;48-month;car
928;58.0;2;own;little;little;1867;30-month;radio/TV
929;43.0;1;own;little;little;1344;12-month;car
930;24.0;1;own;little;little;1747;24-month;furniture/equipment
931;22.0;2;;little;moderate;1670;9-month;radio/TV
932;;2;own;little;little;1224;9-month;car
933;42.0;2;own;quite rich;little;522;12-month;radio/TV
934;23.0;2;own;little;little;1498;12-month;radio/TV
935;30.0;3;own;moderate;moderate;1919;30-month;radio/TV
936;28.0;1;own;little;rich;745;9-month;radio/TV
937;30.0;3;rent;little;moderate;2063;6-month;radio/TV
938;42.0;2;free;little;moderate;6288;60-month;education
939;;3;own;little;little;6842;24-month;car
940;;3;own;little;little;3527;12-month;car
941;31.0;1;own;little;little;1546;10-month;car
942;31.0;2;own;little;little;929;24-month;furniture/equipment
943;42.0;1;own;little;little;1455;4-month;car
944;46.0;2;rent;little;little;1845;15-month;furniture/equipment
945;30.0;2;own;quite rich;moderate;8358;48-month;car
946;30.0;2;free;quite rich;little;3349;24-month;furniture/equipment
947;38.0;3;own;little;little;2859;12-month;car
948;43.0;1;own;little;little;1533;18-month;furniture/equipment
949;31.0;2;own;moderate;little;3621;24-month;radio/TV
950;40.0;0;own;little;moderate;3590;18-month;business
951;24.0;2;own;little;little;2145;36-month;business
952;28.0;2;rent;quite rich;moderate;4113;24-month;car
953;26.0;3;own;little;little;10974;36-month;furniture/equipment
954;29.0;2;own;little;little;1893;12-month;car
955;57.0;3;rent;rich;little;1231;24-month;radio/TV
956;49.0;1;own;little;rich;3656;30-month;radio/TV
957;37.0;1;own;little;moderate;1154;9-month;radio/TV
958;45.0;1;own;little;little;4006;28-month;car
959;30.0;2;free;moderate;moderate;3069;24-month;furniture/equipment
960;;2;;little;little;1740;6-month;radio/TV
961;47.0;2;own;little;moderate;2353;21-month;car
962;29.0;2;own;little;little;3556;15-month;car
963;35.0;2;;quite rich;little;2397;24-month;radio/TV
964;22.0;1;own;little;moderate;454;6-month;repairs
965;26.0;2;own;little;moderate;1715;30-month;radio/TV
966;23.0;1;own;quite rich;moderate;2520;27-month;radio/TV
967;;3;rent;little;little;3568;15-month;radio/TV
968;29.0;2;rent;little;little;7166;42-month;radio/TV
969;;1;own;little;little;3939;11-month;car
970;22.0;2;own;moderate;moderate;1514;15-month;repairs
971;43.0;1;own;little;little;7393;24-month;car
972;29.0;0;rent;little;little;1193;24-month;car
973;36.0;2;rent;little;little;7297;60-month;business
974;33.0;2;own;little;little;2831;30-month;radio/TV
975;57.0;1;own;quite rich;rich;1258;24-month;radio/TV
976;64.0;2;own;little;moderate;753;6-month;radio/TV
977;42.0;2;own;little;moderate;2427;18-month;business
978;47.0;1;own;little;little;2538;24-month;car
979;25.0;2;rent;moderate;moderate;1264;15-month;car
980;49.0;2;own;little;moderate;8386;30-month;furniture/equipment
981;33.0;3;rent;little;little;4844;48-month;business
982;;3;own;moderate;rich;2923;21-month;car
983;26.0;2;own;little;little;8229;36-month;car
984;30.0;1;own;little;little;2028;24-month;furniture/equipment
985;25.0;2;rent;little;little;1433;15-month;furniture/equipment
986;33.0;2;own;little;rich;6289;42-month;business
987;64.0;2;own;moderate;little;1409;13-month;radio/TV
988;29.0;3;free;little;little;6579;24-month;car
989;48.0;1;own;little;moderate;1743;24-month;radio/TV
990;37.0;1;own;little;little;3565;12-month;education
991;34.0;1;own;moderate;little;1569;15-month;radio/TV
992;23.0;1;rent;little;little;1936;18-month;radio/TV
993;30.0;3;own;little;little;3959;36-month;furniture/equipment
994;50.0;2;own;little;little;2390;12-month;car
995;31.0;1;own;little;little;1736;12-month;furniture/equipment
996;40.0;3;own;little;little;3857;30-month;car
997;38.0;2;own;little;little;804;12-month;radio/TV
998;23.0;2;free;little;little;1845;45-month;radio/TV
999;27.0;2;own;moderate;moderate;4576;45-month;car
